CGPA,AptitudeScore,TechnicalScore,CommunicationScore,Internship,Certifications,Placed
7.87,50,84,57,1,2,1
7.4,81,99,51,1,5,1
7.99,98,49,56,0,1,1
8.64,82,78,83,0,3,1
7.32,47,60,57,1,2,0
7.32,61,63,100,0,3,1
8.68,86,61,75,1,3,1
8.08,58,57,71,1,3,0
7.15,74,71,58,0,0,1
7.91,79,58,78,0,3,1
7.15,55,74,62,0,2,1
7.15,67,69,71,0,1,1
7.68,30,66,100,1,2,1
6.07,54,56,68,0,3,0
6.21,64,61,84,1,0,1
7.08,51,81,60,0,2,1
6.74,91,78,69,1,0,1
7.74,48,55,92,0,0,0
6.82,62,71,61,1,2,0
6.44,70,81,93,0,1,1
8.6,88,45,78,1,0,1
7.33,48,78,62,0,1,1
7.55,84,60,77,1,2,1
6.43,,79,82,1,3,1
7.09,54,59,77,1,4,1
7.58,74,43,49,1,2,1
6.64,71,46,60,0,2,0
7.78,60,71,66,1,2,1
7.05,69,74,68,0,0,1
7.28,63,56,77,1,2,1
7.05,70,80,,1,3,1
8.89,77,45,52,0,1,1
7.49,90,69,74,0,6,1
6.71,51,52,77,1,1,1
8.12,98,60,76,0,3,1
6.58,41,71,83,0,1,1
7.66,66,57,80,1,1,1
6.03,76,64,75,0,3,0
6.5,72,85,68,0,3,1
7.65,59,61,47,0,3,1
8.05,65,83,75,1,1,1
7.63,61,53,72,0,6,1
7.41,60,78,73,1,0,1
7.27,80,92,52,1,1,1
6.39,73,33,55,1,4,0
6.96,58,58,83,1,0,1
7.15,81,79,68,0,5,1
8.29,72,67,78,0,2,1
7.76,79,76,69,0,1,1
6.18,77,61,69,1,0,0
7.74,56,71,81,1,0,1
7.21,60,68,62,1,4,1
6.99,78,88,70,0,2,1
7.96,77,74,63,1,2,1
8.27,68,75,63,0,1,1
8.2,70,64,65,0,0,1
6.87,86,63,72,1,2,1
7.27,60,64,63,0,1,1
7.75,76,76,85,1,3,1
8.23,65,64,57,0,0,1
7.14,65,74,67,0,1,1
7.36,83,100,63,1,1,1
6.67,80,83,88,1,4,1
6.6,79,65,72,0,3,1
8.11,86,88,82,0,2,1
8.52,68,64,50,1,2,1
7.45,78,39,72,0,2,1
8.25,64,55,81,0,2,1
7.77,73,42,70,0,2,1
7.02,66,65,83,1,1,1
7.77,69,70,62,0,0,1
8.65,76,95,87,0,4,1
7.47,57,75,99,1,0,1
8.67,97,67,64,1,3,1
5.54,54,82,63,0,1,0
8.12,51,37,88,1,2,1
7.57,84,74,90,0,2,1
7.28,79,82,62,1,5,1
7.57,77,48,64,1,1,1
6.01,77,87,65,0,1,1
7.34,68,75,52,1,5,1
7.77,55,64,57,1,1,1
8.61,69,79,56,1,1,1
7.11,59,100,59,0,3,1
6.89,82,73,69,1,0,1
7.12,66,74,72,1,1,1
8.19,56,63,,0,0,1
7.75,64,57,56,1,0,1
7.1,74,82,82,0,3,1
,60,57,66,1,3,1
7.57,56,71,68,0,1,1
8.23,71,63,78,1,2,1
6.97,71,77,54,0,0,1
7.25,61,75,74,1,0,1
7.21,61,86,71,1,4,1
6.4,71,62,75,1,1,1
7.72,48,66,73,1,4,1
7.7,48,55,100,1,4,1
7.5,58,63,61,1,4,1
7.32,65,76,62,0,2,1
6.44,72,81,61,1,2,1
7.18,89,56,62,1,3,0
7.24,80,83,61,0,2,1
6.9,66,90,84,0,5,1
7.38,68,76,87,1,5,1
7.8,54,98,62,1,1,1
8.91,68,58,58,1,2,1
7.63,64,51,75,0,1,1
7.69,73,43,62,0,2,0
7.44,56,92,77,1,4,1
6.06,75,80,72,0,2,1
7.48,89,69,49,0,4,1
7.55,66,74,89,0,1,1
9.35,74,53,92,0,3,1
7.36,78,100,61,1,2,1
7.73,62,72,64,1,3,1
7.47,71,72,73,1,3,1
6.62,68,81,73,1,1,1
8.36,69,77,78,1,3,1
8.06,57,73,95,0,1,1
8.09,68,58,67,1,3,1
6.82,75,77,59,1,4,1
8.55,88,98,51,1,2,1
6.45,81,90,59,0,3,1
7.94,98,94,69,1,3,1
9.14,57,62,92,1,3,1
6.76,80,55,62,1,3,1
7.08,71,68,72,1,1,0
,99,71,69,0,0,1
7.12,57,86,84,0,4,1
6.34,56,45,100,1,1,1
7.55,60,93,62,0,2,1
6.7,38,68,63,0,1,1
7.86,61,64,83,0,5,1
6.81,57,55,78,1,1,1
8.66,70,45,93,1,2,1
6.91,73,82,77,1,2,1
7.26,94,71,64,0,1,1
8.11,81,51,77,1,0,1
6.58,60,51,83,1,0,1
7.67,55,65,80,1,2,1
8.48,75,95,76,0,2,1
6.29,50,66,83,1,3,1
7.64,94,47,84,0,3,1
7.69,85,66,87,0,0,0
8.09,61,66,77,1,3,1
6.57,44,30,67,0,1,0
6.51,87,69,71,1,1,1
7.89,66,67,85,0,3,1
7.72,85,80,58,1,0,1
7.69,46,98,74,0,1,1
7.76,60,87,64,0,2,1
6.99,68,66,69,0,2,1
7.67,69,53,86,0,1,0
7.72,62,100,71,1,1,1
6.96,77,71,70,0,0,1
8.9,53,70,51,0,1,1
7.86,,70,79,0,2,1
6.61,70,73,77,1,1,1
7.99,75,68,97,0,4,1
6.77,78,,65,0,1,1
8.09,52,62,72,0,3,1
8.37,47,70,72,1,1,1
6.88,86,62,90,0,3,1
8.22,,59,68,1,0,0
7.81,58,72,73,0,1,1
8.12,90,66,77,1,2,1
8.92,70,93,71,0,1,1
7.32,85,30,63,0,2,0
6.93,69,86,72,1,2,1
6.83,97,89,83,0,2,1
6.89,93,39,56,1,4,1
7.44,65,65,71,0,2,1
7.76,82,64,60,0,3,1
7.71,77,49,85,0,2,1
8.12,87,58,49,0,1,0
7.51,54,53,62,0,2,1
8.59,78,96,74,1,4,1
7.3,83,84,89,1,2,1
9.5,43,89,68,0,0,1
7.97,51,81,62,0,3,1
6.86,39,53,93,0,0,0
6.7,64,62,50,0,5,1
7.86,78,77,40,1,2,1
7.33,89,52,75,0,3,1
8.04,69,81,62,1,2,1
7.85,91,66,56,1,5,1
7.45,49,64,78,1,2,1
6.86,44,81,72,1,2,1
6.36,67,77,62,1,1,1
7.17,73,65,52,1,1,1
8.14,68,,80,0,6,1
7.66,39,54,77,1,1,1
6.57,67,79,68,1,2,1
7.63,50,79,93,1,0,1
7.79,77,65,55,1,4,1
6.84,73,75,49,1,2,0
7.62,55,51,60,1,3,1
7.54,61,84,68,0,3,1
6.64,53,,72,0,3,0
7.77,67,62,66,0,2,1
7.92,81,86,74,1,1,1
8.31,54,59,53,1,2,1
8.29,75,49,88,0,3,1
6.47,61,47,68,1,3,0
6.8,57,79,84,1,3,1
7.89,67,51,73,1,2,1
7.89,54,96,75,1,3,1
7.89,60,39,76,1,2,0
9.5,51,95,75,1,0,1
7.93,96,73,77,0,4,1
8.35,68,69,86,1,3,1
8.22,58,62,72,0,2,1
7.99,71,76,78,0,3,1
7.26,66,69,68,0,2,1
8.07,65,87,88,0,1,1
6.92,77,72,60,0,4,1
7.32,79,72,92,1,3,1
7.14,61,65,68,1,4,1
7.56,60,69,50,1,1,1
9.24,64,75,71,0,2,1
6.1,36,44,60,0,1,0
8.01,47,50,80,1,2,0
6.29,87,81,61,0,1,1
7.15,91,73,63,1,1,1
8.32,65,67,44,0,5,1
,76,70,63,1,0,1
6.69,72,75,37,1,2,1
6.96,100,62,48,1,4,1
8.01,84,58,79,1,2,1
6.95,66,73,79,1,0,1
7.66,55,55,75,1,5,1
7.53,46,76,56,0,2,1
7.01,71,44,68,1,4,1
9.11,57,85,69,1,3,1
7.98,48,77,54,0,1,1
5.98,59,74,89,0,2,1
7.64,53,85,80,1,5,1
7,92,95,66,1,1,1
8.14,80,85,69,1,1,1
6.91,68,42,72,1,1,1
7.41,89,51,42,0,3,1
7.88,69,61,66,1,2,1
8.15,56,70,60,1,1,1
6.6,89,78,56,0,0,1
7.25,76,59,65,1,1,1
7.14,53,73,,0,0,0
7.01,65,59,77,1,3,1
8.82,56,61,62,0,2,0
7.8,49,49,76,1,0,1
